average salary for dental hygienist in nebraska,"How Much Do Dental Hygienists Make?How Much Do Dental Hygienists Make?0By Noel Griffith Last Updated on February 23, 2018 Healthcare, Salaries Table of Contents Dental Hygienist Salary Top 5 Paying States Top Paying Industries Dental Hygienist Job Description Dental Hygienist Job Outlook Dental Hygienist Salary by State Top paying metropolitan areas Top paying non-metropolitan areas Dental Hygienist Career Video Dental hygienists are usually positioned in a dentist’s office  They remove plaque and tartar from patient’s teeth, and assist the dentist in a number of other ways  Like helping take x-rays, mixing up sealants and fillings, applying fluoride, and offering advice to patients about how they can improve their dental hygiene  Dental hygienists usually complete some related studies before working in practice, often having earned an associate degree in dental hygiene or a bachelor’s or master’s degree"
average salary for dental hygienist in nebraska,How much does a Dentist make in Nebraska?How much does a Dentist make in Nebraska? Table of Contents How much do Dentists make in Nebraska? Dentist earnings by seniority Dentist Salary Dentist salary comparison Historical salary for Dentists in Nebraska Average Dentist Hourly Wage in Nebraska Dentists earn a median hourly wage of $67 21   Source: U  S
average salary for dental hygienist in nebraska,"Nebraska Dental Assisting and Hygiene Training OptionsNebraska Dental Assisting and Hygiene Training Options Around 2,180 people are employed as dental assistants in the state of Nebraska, and about 1,240 as dental hygienists  [ Seguir leyendo en español]As with the health care area in general across the US, strong growth is expected in Nebraska in these two professions in the ten years to 2024  There are expected to around 70 job openings in each role every year, with total employment in dental assistants growing by 11 1% and in dental hygiene by 10"
average wedding dress alteration cost,"David's Bridal Alteration CostsAttire and Accessories New Discussion David's Bridal Alteration Costsorangehills July 2012For those of you who have used David's Bridal for their alterations (whether you had a good or bad experience) what was the final price? I have to get my dress hemmed, a bustle put in, and the top area taken in a bit, but have no idea what this will cost! Just wanted to see what other's people costs were to figure out an average    Report Reply to Post Re: David's Bridal Alteration Costsmonkeysipmember July 2012edited July 2012Have you already ordered alterations there? I've heard from numerous people that DB's alterations are much more expensive than other places"
average wedding dress alteration cost,"10 Hidden Wedding Costs Not to Overlook10 Hidden Wedding Costs Not to Overlook Don't let these vendor fees sneak up on you by Rachel Torgersonphoto by Anna Grace Photography Having a wedding is expensive as it is  Before signing any contracts, ask your vendors about details like overtime, delivery and cleanup, so these inevitable fees don't surprise you later   Here's a list of 10 common charges couples tend to overlook"
average wedding dress alteration cost,The average cost of a wedding in each region of the U S living— Lifestyle The average cost of a wedding in each region of the U  S
can fever cause miscarriage early pregnancy,"MiscarriageFacts on Miscarriage What Causesa Miscarriage? What Are the Signs and Symptomsof Miscarriage? When to Seek Medical Care for a Potential Miscarriage How Is a Miscarriage Diagnosed? What Is the Treatment for a Miscarriage? Miscarriage Self-Care at Home Miscarriage Surgery Miscarriage Follow-up How Do You Prevent a Miscarriage? What Is the Prognosis for Miscarriage? Facts on Miscarriage A miscarriage (also termed spontaneous abortion) is any early pregnancy that spontaneously ends before the fetus can survive  Any vaginal bleeding, other than spotting, during early pregnancy is considered a threatened miscarriage  Vaginal bleeding is very common in early pregnancy  About one out of every four pregnant women has some bleeding during the first few months"
can fever cause miscarriage early pregnancy,"Top 30 Doctor insights on: Sudden Body Overheating DiabetesTop 30 Doctor insights on: Sudden Body Overheating Diabetes Share Follow @Health Tap </> Embed Dr  Ashu Syal1 Since childhood, always too hot, always thirsty, overheat easily  Endocrine & thyroid checked and ok, & no diabetes  Normal temp 98"
can fever cause miscarriage early pregnancy,"Effects of Food Poisoning While PregnantEffects of Food Poisoning While Pregnantby JILL CORLEONE, RDN, LD Aug  14, 2017Hormonal changes during pregnancy alter the workings of the immune system, and this may increase your risk for certain food-borne illnesses, or food poisoning  In most cases, you and your baby will recover well, as long as you stay hydrated  There are, however, certain bacteria and parasites, including listeria, toxoplasmosis and even salmonella, that can pose specific risks to you and your baby"
definition of laudable,"admirableThesaurusadmirableadjective Synonyms and Antonyms of admirabledeserving of high regard or great approval It's admirable the way she helps her elderly neighbor with chores and errands every Saturday  Synonyms of admirableapplaudable, commendable, creditable, estimable, laudable, meritorious,praiseworthy Words Related to admirabledeserving, worthyawesome, distinctive, distinguished, excellent, heady, honorable,impressive, noteworthy, noticeable, outstanding, redoubtable, reputable,respectableinvaluable, precious, priceless, valuabledelightful, enjoyable, pleasing, satisfyingethical, good, high-minded, moral, noble, principled Near Antonyms of admirablebase, contemptible, deplorable, despicable, detestable, dirty, infamous,lousy, nasty, notorious, pitiable, pitiful, scabby, scummy, scurvy, sorry,unlikable, unworthy, vile, worthless, wretcheddisgraceful, dishonorable, disreputable, ignominious, low, mean,scandalous, seamy, shady, shameful, shocking, sordid, unethical,unsavory Antonyms of admirablecensurable, discreditable, illaudable, reprehensible Learn More about admirable Dictionary: Definition of admirable Spanish Central: Translation of admirable Nglish: Translation of admirable for Spanish speakers Britannica English: Translation of admirable for Arabic speakers Seen and Heard What made you want to look up admirable? Please tell us where you read or heard it (including the quote, if possible) show"
definition of laudable,"celebrationcelebration Also found in: Thesaurus, Legal, Idioms, Wikipedia  cel·e·brate (sĕl′ə-brāt′)v  cel·e·brat·ed, cel·e·brat·ing, cel·e·bratesv  tr"
definition of laudable,exhortationexhortationnavigation search Contents1 English1 1 Etymology1 2 Pronunciation1 3 Noun1
do google docs auto save,"How to Use Google Docs or Drive Offline on PC & MobileProductivity Internet How to Use Google Docs or Drive Offline on PC & Mobile Andy Betts August 3, 2015 7 minutes How to Use Google Docs or Drive Offline on PC & Mobile Facebook Twitter Pinterest Stumbleupon Email Advertisement If there’s one downside to cloud-based services and apps, it’s that you always need to be online to use them  If your Internet goes down, or if you’re travelling, your work grinds to a halt  These 9 Cloud Computing Skills Could Give You The Next Career Jump These 9 Cloud Computing Skills Could Give You The Next Career Jump Businesses are moving to the cloud  The huge skills gap could be your opportunity to fast track your career with the essential qualifications"
do google docs auto save,"The Google Docs text editor that doesn't edit text files0It was a strangely sunny mid-winter afternoon in Buffalo, and the web developer was editing HTML in Notepad on a Windows laptop at the counter  He seemed, in many respects, out of place in the Euro-style cafe  So, being the kind of type who bothers people, I asked him why  ""I make myself comfortable in this, because it's the only thing every client will have,"" he said (from memory)"
do google docs auto save,How do i disable google docs autosave??How do i disable google docs autosave? ?swapnillium4/11/10 11:27 AM the google doc's autosave feature is the most annoying thing ever
does mississippi have an income tax,"49 State of Mississippi Employee SalariesState of Mississippi (5 reviews) Share Salary Industry: Services · HQ: Jackson, MS · https://www mswtc org Overview Jobs Salaries Reviews News49 State of Mississippi Employee Salaries Browse State of Mississippi Salaries by Job Title →State of Mississippi employees earn $34,500 annually on average, or $17 per hour, which is 55% lower than the national salary average of $61,000 per year  According to our data, the highest paying job at State of Mississippi is a Senior Systems Administrator at $54,000 annually while the lowest paying job at State of Mississippi is a Project Officer at $30,000 annually"
does mississippi have an income tax,"2014 Wolters Kluwer, CCH Whole Ball of TaxRelease (8) | Back to WBOT2014 Wolters Kluwer, CCH Whole Ball of Tax Contact: Eric Scott, 847-267-2179, eric scott@wolterskluwer com Brenda Au, 847-267-2046, brenda au@wolterskluwer"
does mississippi have an income tax,"Federal tax refunds may be delayed for MS familiesJoin the Conversation To find out more about Facebook commenting please read the Conversation Guidelines and FAQs Subscribe Today Log In Subscribed, but don't have a login? Activate your digital access  Federal tax refunds may be delayed for MS families Sarah Fowler, The Clarion-Ledger Published 2:03 p m  CT Nov"
dog day afternoon meaning,"The Sirius MythFacts/Astronomy Mythology Literature Facts: Sirius is located in the constellation Alpha Canis Majoris  It is the brightest star in the night sky, with 22 times the luminosity of the sun  Canis major is at the heel of the constellation Orion  Sirius is bluish-green and very large, and is close to Earth (Distance in Light Years 8"
dog day afternoon meaning,"dog daysdog days Also found in: Thesaurus, Idioms, Encyclopedia, Wikipedia  dog dayspl n 1"
dog day afternoon meaning,"Dog Day AfternoonFrom Wikipedia, the free encyclopedianavigation search Dog Day Afternoon Theatrical release poster Directed by Sidney Lumet Produced by Martin Bregman Martin Elfand Screenplay by Frank Pierson Based on ""The Boys in the Bank"" by P  F  Kluge Thomas Moore Starring Al Pacino John Cazale James Broderick Charles Durning Cinematography Victor J  Kemper Edited by Dede Allen Production company Artists Entertainment Complex Distributed by Warner Bros"
how long does it take to remove wisdom tooth,"How long does it take a hollow socket to heal after the removal of wisdom teeth if it isn't painful and there's no blood and how long before you can smoke?How long does it take a hollow socket to heal after the removal of wisdom teeth if it isn't painful and there's no blood and how long before you can smoke? Answer The hole should heal after about a month  The area will slowly solidify and you will not notice any indentation six months later  How lo …Papabear4208 21 Contributions After having wisdom teeth pulled how long should the blood clots stay? Answer mine stayed for about 2 weeks, carefull smoking or any kind of sucking , you dont want a dry clot Edit After wisdom teeth removal how long are blood clots subject to fall out? Answer The clots should fall out after 3 days  Any sooner than that and you can get dry socket"
how long does it take to remove wisdom tooth,"Affect of alcoholism on anesthesiaGet your Health question answered in 3 easy steps Hi,I am Dr  Andrew Rynne (Family Physician)  I will be looking into your question and guiding you through the process  Please write your question below"
how long does it take to remove wisdom tooth,Wisdom Teeth Removal Cost The information presented on this site is of personal opinion and consequently is slanted and biased and not based on proper scientific research  The information presented is NOT written by a dental expert  Further the information presented has NOT been subjected to peer review by experts to verify accuracy and data integrity
how much money do motivational speakers make,"Jared Fogle Family, Wiki, Financial Standing, House, Legal CasesHome Media Personalities Jared Fogle Family, Wiki, Financial Standing, House, Legal Cases Media Personalities Jared Fogle Family, Wiki, Financial Standing, House, Legal Cases Jared Fogle was born on the 1st of December 1977  He was born to Adrienne and Norman Fogle in Indianapolis, Indiana  The former Subway spokesperson was raised in a Jewish home, on Jewish principles  He graduated from North Central High School, in 1995, and later in 2000, Fogle graduated from Indiana University and then went on to work for American Trans Air in the revenue management department"
how much money do motivational speakers make,"Zig Ziglar, Motivational Speaker, Dies at 86Business Day Zig Ziglar, Motivational Speaker, Dies at 86By WILLIAM YARDLEY NOV  28, 2012Zig Ziglar, who wrote more than two dozen books with total sales well into the millions  Ziglar, Inc , via Associated Press If you aim at nothing, you will hit it every time"
how much money do motivational speakers make,"Rinkins Report: Speaker Helps Professionals Turn Passion into PaychecksRinkins Report: Speaker Helps Professionals Turn Passion into Paychecks Rinkins Report September 25, 2014Business Columns Urban Business 1 Comment 132 views Dr  M  Tina Dupree, president and CEO, Motivational Training Center*Never in a million years did Dr  M"
how much would it cost to install my own wind turbine,"How to calculate power output of windHow to calculate power output of wind January 26, 2010 Editor : 3 Comments Most U  S  manufacturers rate their turbines by the amount of power they can safely produce at a particular wind speed, usually chosen between 24 mph or 10 5 m/s and 36 mph or 16 m/s"
how much would it cost to install my own wind turbine,"The Bottom Line: Will a Residential Wind Turbine Pay for Itself?The Bottom Line: Will a Residential Wind Turbine Pay for Itself? Some manufacturers will tell you that your residential wind turbine will pay for itself in six years  Frankly, that's probably not realistic  In real-world application, you will not completely recoup your investment for 15 to 20 years  That may not, however, be the best criterion by which you should base the decision to move forward"
how much would it cost to install my own wind turbine,The True Cost of Electricity from Wind Power And Windmill “Availability” Factors Glenn R  Schleede * April 2003Contents The Questions The Response A  True Cost of Electricity from Wind1
how often to button quail lay eggs,"How to Get Quails to Lay EggsReader Approved How to Get Quails to Lay Eggs Quails sometimes stop laying eggs due to stress, lack of calcium or minimum sunlight  However, there is no need to worry as this problem can easily be taken care of if you give your quails the proper care they need  Steps1 Figure out if you have female or male quails  Like any other bird, only the female lays the eggs"
how often to button quail lay eggs,What is a quail?Answers com ® Wiki Answers ® Categories Entertainment & Arts TV Programming and Commercials TV Shows and Series Animated TV Series Cartoons What is a quail? Flag What is a quail? Answer by Dodi Tov Confidence votes 17 8KOld ladies are dangerous  Always remember that
how often to button quail lay eggs,"Red-chested buttonquailFrom Wikipedia, the free encyclopedia (Redirected from Red-chested Button-quail)navigation search Red-chested buttonquail Conservation status Least Concern ( IUCN 3 1) [1]Scientific classification Kingdom: Animalia Phylum: Chordata Class: Aves Order: Charadriiformes Family: Turnicidae Genus: Turnix Species: T  pyrrhothorax Binomial name Turnix pyrrhothorax ( Gould, 1841)The Distribution of the red-chested buttonquail  Green denotes vagrant records The red-chested buttonquail ( Turnix pyrrhothorax) is a species of bird in the family Turnicidae"
how old is vanessa redgrave,"Natasha Richardson dies aged 45BBC News Updated every minute of every day One-Minute World News News Front Page Africa Americas Asia-Pacific Europe Middle East South Asia UKBusiness Health Science & Environment Technology Entertainment Arts & Culture Also in the news-----------------Video and Audio-----------------Programmes Have Your Say In Pictures Country Profiles Special Reports Related BBC sites Sport Weather On This Day Editors' Blog BBC World Service Page last updated at 08:25 GMT, Thursday, 19 March 2009E-mail this to a friend Printable version Natasha Richardson dies aged 45Jump media player Media player help Out of media player  Press enter to return or tab to continue  A look back at Natasha Richardson's life British actress Natasha Richardson has died from head injuries sustained in a skiing accident in Canada  Richardson, 45, the daughter of actress Vanessa Redgrave, fell on a beginners' slope at the Mont Tremblant resort in Quebec on Monday"
how old is vanessa redgrave,"Vanessa Redgrave FilmographyVanessa Redgrave Filmography Overview Biography Filmography Photos Awards Date of Birth: Jan 30, 1937Birth Place: London, England, UKFilmography Year Title Role2017 Film Stars Don't Die in Liverpool Jeanne Mc Dougall2016 The Secret Scripture Rose Mc Nulty (older)2014 Foxcatcher Jean du Pont2013 Lee Daniels' The Butler Annabeth Westfall2012 Unfinished Song (Song for Marion) Marion2011 Coriolanus Volumnia2011 Anonymous (2011) Queen Elizabeth I2011 Cars 2 The Queen2011 Cars 2 Mama Topolino2011 Miral Bertha Spofford2010 The Whistleblower Madeleine Rees2010 Letters to Juliet Claire2007 How About You Georgia2007 Atonement Older Briony2007 Evening Ann Lord2006 Venus Valerie2005 The Keeper: The Legend of Omar Khayyam The Countess2005 The White Countess Aunt Sara2005 Thief Lord2004 Fever Woman2003 Good Boy! The Greater Dane2002 The Gathering Storm2001 The Pledge Annalise Hansen2000 If These Walls Could Talk 2 Edith1999 Girl, Interrupted Dr  Wick1999 Cradle Will Rock Countess La Grange1998 Deep Impact Robin Lerner1997 Mrs  Dalloway Clarissa Dalloway1997 Wilde Wilde's Mother1996 Mission: Impossible Max1994 Little Odessa Irina Shapira1992 Howards End Ruth Wilcox1991 What Ever Happened to Baby Jane? (1991) Blanche Hudson1991 The Ballad of the Sad Cafe Miss Amelia1991 Orpheus Descending Lady Torrance1987 Prick Up Your Ears Peggy Ramsay1986 The Second Serve Richard/Renee1985 Wetherby Jean Travers1980 Playing for Time Fania Fenelon1979 Agatha Agatha Christie1977 Julia (1977) Julia1976 The Seven-Per-Cent Solution Lola Deveraux1974 Murder on the Orient Express (1974) Mary Debenham1971 The Devils Sister Jeanne1971 Mary, Queen of Scots Mary, Queen of Scots1969 Oh! What a Lovely War Sylvia Pankhurst1968 The Sea Gull Nina1967 Smashing Time1967 Camelot Guenevere1967 The Sailor From Gibraltar Sheila1966 Blow-Up Jane1966 A Man for All Seasons Anne Boleyn1966 Morgan! Leonie Delt Provided by Rovi Erik Davis May 14th 2010, 3:03 pm Box Office: 'Iron Man 2' vs 'Robin Hood' -- Who Will Win?cwalton February 22nd 2008, 7:40 pm Movie Scoop and More from Wonder Con"
how old is vanessa redgrave,"BiographyOn January 30, 1937, renowned theatre actor Michael Redgrave was performing in a production of Hamlet in London  During the curtain call, the show's lead, Laurence Olivier, announced to the audience: ""tonight a great actress was born""  This was in reference to his co-star's newborn daughter, Vanessa Redgrave  Vanessa was born in Greenwich, London, to Michael Redgrave and Rachel Kempson, both thespians"
what is a alm,"Buddhist vegetarianismFrom Wikipedia, the free encyclopedianavigation search This article needs additional citations for verification  Please help improve this article by adding citations to reliable sources  Unsourced material may be challenged and removed  (June 2015) ( Learn how and when to remove this template message)Buddhist influenced Korean vegetarian side dishes Buddhist vegetarianism is the belief that following a vegetarian diet is implied in the Buddha 's teaching"
what is a alm,"Strong's Concordanceeleémosuné: mercy, pity, spec  alms Original Word: ἐλεημοσύνη, ῆς, ἡPart of Speech: Noun, Feminine Transliteration: eleémosuné Phonetic Spelling: (el-eh-ay-mos-oo'-nay) Short Definition: alms-giving, charity Definition: abstr: alms-giving, charity; concr: alms, charity  NAS Exhaustive Concordance Word Origin from eleos Definition mercy, pity, spec"
what is a alm,"Martin de Porres""St  Martin de Porres"" and ""Saint Martin de Porres"" redirect here  For other uses, see St  Martin de Porres (disambiguation)"
what is a statutory deed,"Statutory Warranty Deed Law and Legal DefinitionStatutory Warranty Deed Law and Legal Definition A statutory warranty deed is a form of real property conveyance in some states  It is typically an abbreviated form of a warranty deed, authorized by a statute that allows a deed in the statutory form to include the standard title covenants found in a warranty deed by implication, without the necessity of stating them  For example, in Washington when a grantor (seller) delivers a statutory warranty deed, the grantor warrants "" (1) That at the time of the making and delivery of such deed he was lawfully seized of an indefeasible estate in fee simple, in and to the premises therein described, and had good right and full power to convey the same; (2) that the same were then free from all encumbrances; and (3) that he warrants to the grantee, his heirs and assigns, the quiet and peaceable possession of such premises, and will defend the title thereto against all persons who may lawfully claim the same, and such covenants shall be obligatory upon any grantor, his heirs and personal representatives, as fully and with like effect as if written at full length in such deed "" RCW 64"
what is a statutory deed,"Real Estate Law in Mobile, Alabama  General Deed Information← Banking Law Alabama Supreme Court Significant Decision Business Litigation Significant Alabama State Supreme Court Decision →Real Estate Law in Mobile, Alabama  General Deed Information Posted on April 24, 2013 by Rob Clute Purchasing property can be a very exciting time in your life, but the process can trip up a buyer or a seller who is not careful  As real estate lawyers in Mobile, Alabama we assist clients with their real estate transactions"
what is a statutory deed,"Oregon Trustee Deed FormOregon Trustee Deed Form Oregon Trustee's Deeds & Transfers from Living Trusts NOTE: This article pertains to living trusts, a type of express trust as set forth in the Oregon Uniform Trust Code (ORS 130 005)  Deeds titled ""trustee's deed,"" which transfer real property by an express trust, should not be confused with deeds titled ""trustee's deed upon sale,"" which are used to convey real property after foreclosure under a deed of trust (see ORS 86 775 for trustee's deeds upon sale)"
what is chronometer who invented it,"ClockFrom Wikipedia, the free encyclopedianavigation search For other uses, see Clock (disambiguation)  ""Timepiece"" redirects here  For the Kenny Rogers album, see Timepiece (album)  For the 1965 short film by Jim Henson, see Time Piece"
what is chronometer who invented it,"Things You Need To Know About Watches8 Things About Watches | Style School sharei Error 4: Media source is incompatible with player or browser 1:55Things You Need To Know About Watches James Fiori Share Tweet 0Shares1 2 3Page 1 of 3 Few things say more about a man than his watch  Its character, look and style can give others a peek into a man's background (and priorities) without having to ask a single question  That is why purchasing a watch is such a personal — and important — decision"
what is chronometer who invented it,"West Sea Company EVOLUTION OF THE SEXTANTBy Rod Cardoza Edited by A  N  Stimson, Head of Navigation Section, Department of Astronomy and Navigation, National Maritime Museum, Greenwich, England"
what is mamey,"Cuba Guide > About Cuba > Food in Cuba > Cuban Desserts Food Desserts Moros y Cristianos Mojo Sauce Dulce de Leche Boniatillo Cubans have a natural sweet tooth  Their rum is made from sugar and they have an abundance of tropical fruits available so it is no surprise that Cuban desserts and drinks are a delight for those of us who have a sweet tooth  Starting with the healthy and natural options, most of Cuba's tropical fruit stays in Cuba and is eaten fresh"
what is mamey,"MameyIndex | Search | Home | Morton Morton, J  1987  Mamey  p"
what is mamey,"Any one growing Mamoncillo, a k a quenepa?Florida Gardening Any one growing Mamoncillo, a k"
what metal are hip replacements made of,"Metallosis From Defective Hip Implant Lawsuitsby Dr  Kiran Khanzada Metallosis From Defective Hip Implant Lawsuits A dangerous medical condition associated with hip replacement surgery is metallosis  Over time, metal-on-metal (Mo M) hip implants can grind together, shedding metal particles into the body  This causes metal poisoning, or metallosis, which is marked by symptoms including bone and tissue death, severe pain, and failure of the hip implant"
what metal are hip replacements made of,Cobalt - CoHome Periodic table Elements Cobalt Cobalt - Co Chemical properties of cobalt - Health effects of cobalt - Environmental effects of cobalt Atomic number27Atomic mass58 9332 g mol -1Electronegativity according to Pauling1 8Density8
what metal are hip replacements made of,Trunnionosis: A pain in the neckOnline Submissions: http://www wjgnet com/esps/ World J Orthop 2013 October 18; 4 (4): 161-166 wjo@wjgnet com ISSN 2218-5836 (online) doi:10
"what type of conflict does della face in o, henry the gift of the magi",One dollar and eighty-seven cents  That was all  And sixty cents of it was in pennies
"what type of conflict does della face in o, henry the gift of the magi","The Gift of the Magi Review37 terms mcounts The Gift of the Magi Review Learn Flashcards Write Spell Test Match Gravity Advertisement Upgrade to remove ads Like this study set? Create a free account to save it  Create a free account Maybe later Sort Della's conflict she only had $1 87 to buy her husband a Christmas gift What is O  Henry's tone or attitude toward his subject matter Jim and Della? Tender, but also playful, understanding, amused, sympathetic What line in the story is effective for establishing a mood of hopelessness and gloom? ""She stood by the window and looked out dully at a gray cat walking a gray fence in a gray backyard How does O"
"what type of conflict does della face in o, henry the gift of the magi","What Impact Does the Irony Have Upon the Reader?Written by Van Thompson Related Articles1What Is Irony Used for in Writing?2How to Set a Scary Mood in a Novel3""What Is the Point of View in """"The Fox & the Grapes""""? ""4Examples of Naturalism in Poetry Irony remains one of the most abused terms, with some people using it to refer to any humor or sarcasm  Real irony -- which can come in many forms -- involves an incongruity between what appears to be or should be and what actually is  The effect this has on the reader varies depending on the story and the writer's intent, but irony can play a key role in moving a story forward and deepening its meaning  Revealing Character Personalities and Motives In verbal irony, one character says or does the opposite of what he thinks, making verbal irony very similar to sarcasm or a figure of speech"
when did family feud come out?,"Celebrating 40 Years of 'Family Feud': From Richard Dawson to Steve Harvey and Every Host in BetweenTVCelebrating 40 Years of 'Family Feud': From Richard Dawson to Steve Harvey and Every Host in Between By Raphael Chestang 1:01 PM PDT, July 14, 2016This year marks the 40th anniversary of Family Feud and ET cameras have been there with every host over the years  The popular game show debuted in 1976 with host Richard Dawson  WATCH: 7 Hilarious 'Family Feud' Responses""I really like people, so it's very easy for me to have fun,"" Dawson told ET in 1984  His fun paid off in 1978 when he took home the Daytime Emmy for Outstanding Game Show Host"
when did family feud come out?,"Family FeudThe topic of this page has a Wikia of its own: Family Feud wikia  Hosts Richard Dawson (1975–1985, 1994-1995) Ray Combs (1987–1994) Louie Anderson (1999–2002) Richard Karn (2002–2006) Ricki Lake ( Gameshow Marathon, 2006) John O'Hurley (2006–2010) Al Roker (2008 primetime) Steve Harvey (2010–Present; 2015–Present primetime)Announcers Johnny Olson (1975) Gene Wood (1976–1995) Rod Roddy (sub) Johnny Gilbert (sub) Art James (sub) Burton Richardson (1999–2010, 2008 & 2015–Present primetime) Rich Fields ( Gameshow Marathon, 2006) Joey Fatone (2010–2015) Rubin Ervin (2015–Present)Broadcast Pilot: 1975 ABC Daytime: 7/12/1976 – 6/14/1985 Syndication: 9/19/1977 – 5/17/1985 ABC Primetime (Specials): 5/8/1978 – 5/25/1984 Pilots: 8/1987 CBS Daytime: 7/4/1988 – 6/12/1992 Pilots: Early 1992 CBS Daytime: 6/15/1992 – 3/26/1993 Syndication (Daily): 9/19/1988 – 5/26/1995 Syndication (Daily): 9/20/1999 – Present CBS Primetime ( Gameshow Marathon ): 6/29/2006 NBC Primetime: 6/24/2008 – 7/29/2008 ABC Primetime: 6/21/2015 – Present Packagers Mark Goodson-Bill Todman Productions (1975–1982) Mark Goodson Productions (1982–2002) Pearson Television (1999–2002) Fremantlemedia North America (2002–Present)Sub-Packagers The (New) Family Company (1976–1995) Feudin' Productions, Inc  (1999–2010) Wanderlust Productions, Inc  (2010–Present) Georgia Entertainment Industries (2011–Present) Triple Threat Productions (2015–Present)Distributors Viacom Enterprises (1977–1985) LBS Communications (1988–1992) All American Television (1992–1995) Pearson Television (1999–2002) Tribune Entertainment (2001–2007) 20th Television / Debmar-Mercury (2007–Present)Family Feud is a spin-off from Match Game ’s big money ""Super Match"" bonus round"
when did family feud come out?,"4 Famous TV Co-workers (who struggled to get along)4 Famous TV Co-workers (who struggled to get along)BY Kara Kovalchik February 21, 2008Every work environment has its personality conflicts ""“ that one co-worker that gets on your last nerve  Sure, you can do your best to avoid that person  But what happens if it's someone you absolutely have to ""make nice with"" in front of millions of TV viewers and your career depends on it? The following are 4 great examples of just that 1"
when did rock n roll begin?,"Elvis Presley Biography : A Comprehensive history of Elvis Presley's dynamic lifeElvis Presley Biography : A Comprehensive history of Elvis Presley's dynamic life By: Elvis Australia Source: www elvis com au January 1, 2016 Elvis Biography , Elvis Articles , Elvis Interviews , Video and Audio , Elvis News A biography is a detailed description or account of someone's life, yet how detailed do you want it? Do you want to know about the genesis moment when Elvis Presley"
when did rock n roll begin?,"rock-and-rollrock-and-roll [ rok - uh n- rohl]Spell Syllables Word Origin See more synonyms on Thesaurus comnoun1  rock-'n'-roll rock-'n'-rollor rock-and-roll, rock 'n' roll [ rok - uh n- rohl]Spell Syllablesnoun1"
when did rock n roll begin?,US History/Eisenhower Civil Rights FiftiesContents1 Civil Rights Movement under Eisenhower and Desegregation1 1 Brown v  Board of Education1 1
where is the show shameless filmed,"Shameless  (season 7)Shameless (season 7)From Wikipedia, the free encyclopedianavigation search Shameless (season 7)DVD cover Country of origin United States No  of episodes 12Release Original network Showtime Original release October 2 – December 18, 2016Season chronology← Previous Season 6Next → Season 8List of Shameless (U  S  TV series) episodes The seventh season of Shameless, based on the British series of the same name by Paul Abbott, is an American comedy-drama television series with executive producers John Wells, Christopher Chulack, Krista Vernoff, Etan Frankel, Nancy M"
where is the show shameless filmed,Why William H  Macy Loves Playing Frank Gallagher in ShamelessWhy William H  Macy Loves Playing Frank Gallagher in Shamelessby j p
where is the show shameless filmed,"Locations (US)Chicago and Los Angeles filming locations from the Showtime series Shameless (US)Contents [ show]Gallagher House2119 S Homan Ave, Chicago IL ( Google Street View)Kevin and Veronica’s House2113 S Homan Ave, Chicago IL ( Google Street View)Jackson House1937 S  Spaulding Ave, Chicago IL ( Google Street View)Milkovich House1955 S Trumbull Ave, Chicago IL ( Google Street View)The Alibi Room Warner Bros  Back Lot, Burbank CA ( Shameless Warner Bros  Lot Locations)Kash and Grab Warner Bros"
who is aziz hashim,"NRD Capital Establishes the ""NRD Foundation,"" Supports Franchised Water SolutionHow Aziz Hashim Is Changing The Franchising Landscape NRD Capital Establishes the ""NRD Foundation,"" Supports Franchised Water Solution Ruby Tuesday Announces Aziz Hashim as Interim CEONRD Capital Completes Acquisition of Ruby Tuesday Ruby Tuesday To Be Acquired By NRD Capital For $2 40 Per Share John Teza Joins NRD Capital as Director Susan Beth Named as a Winner of the 8th Annual Emerging Leaders Awards NRD Capital Management, LLC Announces Closing of Fund IINRD Completes Growth Equity Investment In Fuzzy's Taco Shop How Frisch's and 11 More FT Dealmakers landed suitors NRD Capital Acquires Shares of Frisch's Restaurants, Inc  How Aziz Hashim Is Changing The Franchising Landscape NRD Capital Establishes the ""NRD Foundation,"" Supports Franchised Water Solution"
who is aziz hashim,"Restaurant chain franchising on a slow but steady riseRestaurant chain franchising on a slow but steady rise Franchisers have stepped up incentive programs to help entice would-be entrepreneurs  But longtime franchisees caution that success, if it comes, will take time  November 26, 2011 | By Tiffany Hsu, Los Angeles Times Fast-food chain Popeyes Louisiana Kitchen has 75 restaurants in Los Angeles, Orange and Riverside counties, and it plans to open 24 more despite the lagging economy  Chicken-centric Popeyes, however, doesn't plan on launching the new outlets on its own dime"
who is aziz hashim,"Aziz HashimMarch 28, 2018 4:04 PM ETHotels, Restaurants and Leisure Company Overview of National Restaurant Development Holdings, LLCSnapshot People Overview Board Members Committees Executive Profile Aziz Hashim Chief Executive Officer and President, National Restaurant Development Holdings, LLCAge Total Calculated Compensation This person is connected to 3 Board Members in 3 organization across 4 different industries  See Board Relationships49 --Background Mr  Aziz Hashim has been the President and Secretary of Frisch's Restaurants, Inc  since August 24, 2015"
who is rep scalise?,"What does the term political whip mean?Answers com ® Wiki Answers ® Categories History, Politics & Society Politics and Government Political Office Holders What does the term political whip mean? Flag What does the term political whip mean? Answered by The Wiki Answers ®Community Answers com ® is making the world better one answer at a time  A political party has a team of whips, (in the UK around 14 in the major parties) The 'chief whip' is the leader of the 'team' of whips whose job it is to keep order within the party and to ensure the members of the party (MP's) vote in line with the party's ideas"
who is rep scalise?,CongressRepublican House Leadership - 115th Congress SPEAKER Paul Ryan (R-Wis )MAJORITY LEADER Kevin Mc Carthy (R-Calif )MAJORITY WHIP Steve Scalise (R-La  )CONFERENCE CHAIR Cathy Mc Morris Rodgers (R-Wash
who is rep scalise?,"Tax Reform It's long past time to get our economy back on track, create more jobs, and rebuild our middle class  I'd like to hear about how you or your small business has been affected by our outdated and over-complicated tax system, and if you're ready for tax reform  Read More »previous next Art Competition Flags Help with a Federal Agency Internships U"
who killed nicholas ii of russia,"Britainâs King George V changes royal surnameWorld War I1917Britain’s King George V changes royal surname Share this:facebook twitter google+Print Cite On this day in 1917, during the third year of World War I, Britain’s King George V orders the British royal family to dispense with the use of German titles and surnames, changing the surname of his own family, the decidedly Germanic Saxe-Coburg-Gotha, to Windsor  The second son of Prince Edward of Wales (later King Edward VII) and Alexandra of Denmark, and the grandson of Queen Victoria, George was born in 1865 and embarked on a naval career before becoming heir to the throne in 1892 when his older brother, Edward, died of pneumonia  The following year, George married the German princess Mary of Teck (his cousin, a granddaughter of King George III), who had previously been intended for Edward  The couple had six children, including the future Edward VIII and George VI (who took the throne in 1936 after his brother abdicated to marry the American divorcee Wallis Simpson)"
who killed nicholas ii of russia,"Anastasia  (1956 movie)From Wikipedia, the free encyclopedianavigation search Anastasia Directed by Anatole Litvak Produced by Buddy Adler Written by Marcelle Maurette (play) Guy Bolton (adaptation) Arthur Laurents Starring Ingrid Bergman Yul Brynner Helen Hayes Music by Alfred Newman Cinematography Jack Hildyard Distributed by 20th Century Fox Release date (s) December 13, 1956 (US release)Running time 105 min  Country USLanguage English / French Anastasia is a movie made in 1956 by 20th Century Fox  The movie was directed by Anatole Litvak  The movie stars Ingrid Bergman, Yul Brynner, and Helen Hayes"
who killed nicholas ii of russia,"Prominent Russians: Nicholas IIRT com / RT projects / Russiapedia / Prominent Russians / The Romanov dynasty / Nicholas IIProminent Russians: Nicholas IIMay 6, 1868 - July 17, 1918Image from www gelos ru Nicholas II was the last Emperor of Russia"
