average salary for dental hygienist in nebraska,"How Much Do Dental Hygienists Make?How Much Do Dental Hygienists Make? Jobs & Education Sep 10, 2013 1 24350Dental hygienists are health care professionals that help patients develop and maintain good oral hygiene to prevent oral diseases  Dental hygienists are typically responsible for removing tartar and plaque from teeth, applying sealants to protect teeth, developing dental x-rays, maintaining patient records of care and treatment plans, and educating patients on important components to oral health  Some dental hygienists are also involved in placing filling materials, temporary fillings, and periodontal dressings under the supervision of the dentist  (Want to know more about how long it takes to become a dental hygienist? Check out Jackie’s piece here"
average salary for dental hygienist in nebraska,How much does a Dentist make in Nebraska?How much does a Dentist make in Nebraska? Table of Contents How much do Dentists make in Nebraska? Dentist earnings by seniority Dentist Salary Dentist salary comparison Historical salary for Dentists in Nebraska Average Dentist Hourly Wage in Nebraska Dentists earn a median hourly wage of $67 21   Source: U  S
average salary for dental hygienist in nebraska,"How Much Do Dental Hygienists Make?How Much Do Dental Hygienists Make? Jobs & Education Sep 10, 2013 1 24350Dental hygienists are health care professionals that help patients develop and maintain good oral hygiene to prevent oral diseases  Dental hygienists are typically responsible for removing tartar and plaque from teeth, applying sealants to protect teeth, developing dental x-rays, maintaining patient records of care and treatment plans, and educating patients on important components to oral health  Some dental hygienists are also involved in placing filling materials, temporary fillings, and periodontal dressings under the supervision of the dentist  (Want to know more about how long it takes to become a dental hygienist? Check out Jackie’s piece here"
average wedding dress alteration cost,"Average cost of alterations?VIPOctober 2014Average cost of alterations? Sammy , on Nov 7, 2013 at 4:20 PM Posted in Planning29 Reply Flag I'm trying to get VERY detailed with my budget, so I might be asking a ton of ""average cost"" questions- bear with me What did your alterations cost you? Did you have a lot to do on your dress? Might be helpful if some shorter brides chime in Flag Share:29 Comments1 2 Next VIPSeptember 2014Lisa · on Nov 7, 2013 at 4:22 PMFlag Stalking this! But I do know it's different for all and depends on what you need done and the material, setup of your dress  Reply Master May 2014Lacey · on Nov 7, 2013 at 4:22 PMFlag My alterations will be free because that is what the boutique I bought it at offers  I will have it taken in at the bust area and also it will have to hemmed quite a bit at the bottom because I'm very short! I'm wearing taller heels though so that should help  Reply Master October 2014Superman Bride · on Nov 7, 2013 at 4:23 PMFlag IDK where you're located, almost date twin! but I know a place my me in Livonia MI has a $60 cap on alterations"
average wedding dress alteration cost,"Dress Alterations- Average Cost?VIPOctober 2012Dress Alterations- Average Cost? Lee I  , on Mar 27, 2012 at 3:02 PM Posted in Wedding Attire24 Reply Flag Hey guys,I'm going to contact a few alteration shops locally  But before I do, what was the average cost of your wedding gown alterations? Maybe a hem job, taking it in, adding boning, adding buttons, flowers, etc  Flag Share:24 Comments1 2 Next Devoted June 2012beach08 · on Mar 27, 2012 at 3:20 PMFlag There are several factors that play into the cost, how difficult is the aleteration, type of gown, material of gown, etc"
average wedding dress alteration cost,"06 Mar The Hidden Costs Of Wedding Attire06 Mar The Hidden Costs Of Wedding Attire Posted at 22:02h in In the News by davidsbridal 1 Like Share Unexpected costs that come with buying a wedding dress  Besides your wedding dress, there are other costs to factor into your wedding day apparel that you may not have considered—from your veil and handbag to undergarments and shoes  Here are some hidden costs to keep in mind as you budget for your complete wedding look  Be sure to budget your head-to-toe bridal look"
can fever cause miscarriage early pregnancy,"Neural Tube Defects: Symptoms, Causes, Treatment and DiagnosisNeural Tube Defects: Symptoms, Causes, Treatment and Diagnosis2016-08-12Neural tube defects are congenital defects that occur because of the insufficient intake of folic acid in the early stages of pregnancy  What causes neural tubes defects in babies and what are the symptoms, the treatment, and the diagnosis like? Neural tube defects definition and symptoms Neural tube defects refer to the inability of the neural tube to close properly, resulting defects of the brain and spinal cord  When the neural tube fails to close properly, this can result in two different types of defects – spina bifida and anencephaly  Spina bifida Spina bifida is a condition in which a part of the spine doesn’t close properly"
can fever cause miscarriage early pregnancy,"What causes a miscarriage?Posted: July 13, 2010 | Report This |Q  What causes a miscarriage? Related Topics: Miscarriage Follow Question Answers From Experts & Organizations (1)Medicine Net5,093 Answers 311,554 Helpful Votes 212 Followers A  The cause of a miscarriage cannot always be determined  The most common known causes of miscarriage in the first third of pregnancy (1st trimester) are chromosomal abnormalities, collagen vascular disease (such as lupus), diabetes, other hormonal problems, infection, and congenital (present at birth) abnormalities of the uterus"
can fever cause miscarriage early pregnancy,"Risks of Saunas & Steam RoomsRisks of Saunas & Steam Roomsby SARAH METZKER ERDEMIR July 18, 2017The benefits of bathing in a sauna or steam room include stress reduction, muscle relaxation and pain relief  Sweating in a sauna cleanses your pores and can make your mind and body feel energized  Saunas aren't right for everyone, however, and you should take some precautions when using a steam room or any kind of heat therapy  Video of the Day Error loading player: Flash plugin failed to load Steam Bathing Time You should never stay in a sauna or steam room for more than 15 or 20 minutes because the prolonged increase in body temperature can be dangerous"
definition of laudable,"Another word for celebrationAnother word for celebrationnoun The act of observing a day or an event with ceremonies:commemoration, observance  See remember The act of showing joyful satisfaction in an event:festivity, merrymaking, rejoicing, revel (often used in plural), revelry  Seelaughter A big, exuberant party:shindig, shindy  (Slang) bash, blast, blowout"
definition of laudable,"exemplaryexemplary Also found in: Dictionary, Thesaurus, Acronyms  exemplaryadjective excellent, honorable, ideal, illustrative, in point, laudable, meritorious, model, normal, normative, paradigmatic, personifying, praiseworthy, precedential, representative, sample, serving as a deterrent, serving as a model, serving as a pattern, serving as a sample, serving as a warning, serving as an instance, used as a deterrent, used as a model, used as a speccmen, worthy, worthy of imitation Associated concepts: exemplary damages See also: absolute, best, ideal, laudable, meritorious, moral, prime, professional, representative, stellar, sterling Burton's Legal Thesaurus, 4E  Copyright © 2007 by William C  Burton"
definition of laudable,"explosionexplosion [ik- sploh -zh uh n]Spell Syllables Examples Word Origin See more synonyms on Thesaurus comnoun1  an act or instance of exploding; a violent expansion or bursting with noise, as of gunpowder or a boiler (opposed to implosion ) 2"
do google docs auto save,"Uploading Word Documents to Google DocsHow To ›Software Uploading Word Documents to Google Docs Google Docs works in conjunction with Google Drive Share Pin Email Print TJ-Blog/Flickr/CC BY 2 0by James Marshall Updated March 06, 2018With Google Docs, you can create, edit and share word processing documents online  You can also upload Word documents from your computer to work on them in Google Docs or share them with others  The Google Docs website is available in computer browsers and through apps on Android and i OS mobile devices"
do google docs auto save,"Google Docs, Sheets, and SlidesFrom Wikipedia, the free encyclopedia (Redirected from Google Slides)navigation search Google Docs, Sheets, and Slides The Google Docs, Sheets, and Slides icons An example of a document in Google Docs Developer (s) Google LLCInitial release March 9, 2006; 12 years ago Stable release (s) [±]Docs (Android) 1 18 072 09 / February 22, 2018; 42 days ago [1]Sheets (Android) 1"
do google docs auto save,"10 Free MS Word Alternatives You Can Use Today10 Free MS Word Alternatives You Can Use Today While many people believe that they are “locked” into using Microsoft Word for all their document creation needs, it simply isn't true  There are many free alternatives to the costly application from Microsoft, many of which are free  Today we're going to talk about ten alternatives to Microsoft Word that you can quickly and easily start using today  Some will be online and some will be downloadable applications that can be installed on your local computer, but all will enable you to wean yourself off of Microsoft Word and still be productive"
does mississippi have an income tax,"How to Estimate Taxes in RetirementPersonal Finance Retirement Planning How to Estimate Taxes in Retirement Don't get caught off guard by your tax bill in retirement  Share Flip Pin Email•••By Dana Anspach Updated January 08, 2018You will continue to pay taxes in retirement  Taxes are calculated on your income each year as you receive it, much like how it works before you retire  It's important to estimate the amount of taxes you'll pay in retirement so you can budget for it and set up your tax withholdings (or quarterly payments) in advance"
does mississippi have an income tax,"2014 Wolters Kluwer, CCH Whole Ball of TaxRelease (8) | Back to WBOT2014 Wolters Kluwer, CCH Whole Ball of Tax Contact: Eric Scott, 847-267-2179, eric scott@wolterskluwer com Brenda Au, 847-267-2046, brenda au@wolterskluwer"
does mississippi have an income tax,"2013 Pension & Retirement Information2013 Pension & Retirement Information Pension information for Other Years: 2017 | 2016 | 2015 | 2014 | 2012 | 2011 and Prior Year2013 Pension & Retirement Benefits Chart What are pension and retirement benefits? What are “qualified distributions”? Form 1099-R and Distribution Codes Chart Recipients born before 1946Recipients born in 1946Recipients born between 1947 and 1952Recipients born after 1952 Note: For joint filers, the age of the oldest spouse determines the age category Pension Deduction Estimator Dividends/Interest/Capital Gain Deduction Estimator Beginning on January 1, 2012, pension and retirement benefits became subject to Michigan income tax for many recipients  Michigan law now requires the administrators of pension and retirement benefits to withhold income tax on distributions that are subject to tax  What are “pension and retirement benefits”? Under Michigan law, pension and retirement benefits include most payments that are reported on a 1099-R for federal tax purposes  This includes defined benefit pensions, IRA distributions and most payments from defined contribution plans"
dog day afternoon meaning,"The Dog Days of SummerThe Dog Days of Summer The Dog Days of Summer represent the hottest, most sultry days of the year in the northern hemisphere, between early July and early September  As summer winds down, don't miss out on delicious grilling meats, yummy ice cream, or unique outdoor gift opportunities  You can also check out our selection of pet gifts that can give a new meaning to the phrase ""Dog Days""  Order by Monday, August 8, 2016 and receive $10 off a $75 product purchase with code: Dog Days2016"
dog day afternoon meaning,"Why Do We Call Them the 'Dog Days' of Summer?Why Do We Call Them the 'Dog Days' of Summer? It doesn’t have to do with dogs lying around in the heat—the phrase comes from ancient Greek beliefs about a star  The ancient Greeks thought of the constellation Canis Major as a dog chasing Lepus, the hare  The star Sirius is the dog’s nose; the Greeks called it the “dog star ”Photograph by Ann Ronan Pictures, Print Collector/Getty PUBLISHED July 10, 2015The “dog days,” I always thought, were those summer days so devastatingly hot that even dogs would lie around on the asphalt, panting"
dog day afternoon meaning,"Sirius: Brightest Star in Earth's Night SkySpace com Science & Astronomy Reference: Sirius: Brightest Star in Earth's Night Sky By Elizabeth Howell, Space com Contributor | June 24, 2013 06:07pm ETMOREFollow the belt of Orion to find Sirius  Credit: Starry Night Software Sirius, also known as the Dog Star or Sirius A, is the brightest star in Earth's night sky"
how long does it take to remove wisdom tooth,Impacted ToothImpacted Tooth What Is It? An impacted tooth is a tooth that gets blocked as it is pushing through the gum into your mouth (erupting)  Wisdom teeth often are impacted  Wisdom teeth usually begin to come in between the ages of 17 and 21  Dentists call these teeth third molars
how long does it take to remove wisdom tooth,"How it's performedHow it's performed Wisdom tooth removal can be carried out by a dentist or a specialist surgeon working in a hospital  If your dentist recommends removing your wisdom teeth, they'll take an X-ray of your mouth to help them determine who should carry out the procedure  Any charges and payment methods should be discussed before the procedure begins  Read more about NHS dental charges"
how long does it take to remove wisdom tooth,How long does it take to get a tooth pulled?Extraction Planning Dental Shots The extraction procedure  Will it hurt? Appoint  Length Surgical Extractions Extraction Costs Extraction Aftercare Pulling Teeth ▼How long does it take to get a tooth pulled?- How much time is needed to: 1) Remove your tooth (extraction procedure time)  2) Numb up your tooth
how much money do motivational speakers make,"Who else wants to become a highly paid speaker?Who else wants to become a highly paid speaker? Last year, $129 Billion was spent in Workplace Education  Want some? Want a GPS to get you there, quickly?  Get Paid to Speak by Next Week ®Lay the Foundation for Multiple Streams of Speaking Income The truth about how anyone can get paid as a professional speaker If you have EVER thought of being a paid professional speaker, even part-time, this may be the most important web page you ever read  Question: Will this be the year you get paid to speak? How would that feel? Picture yourself walking off stage, the audience jumping to their feet in appreciation of your presentation, as a herd of them RUNS to the back of the room to purchase YOUR educational materials!Then the meeting planner pulls you aside and, with a huge grin says, ‘Thank you!’ while slipping a check into your hand"
how much money do motivational speakers make,"MOTIVATIONAL SPEAKERS RATES AND FEESMOTIVATIONAL SPEAKERS RATES AND FEESHow Much Do Motivational Speakers Cost? Motivational speaker rates vary as much as car prices … from a beat-up, 24 year old Ford Pinto to a top of the line brand-spankin’-new Mercedes  But there are some guidelines and ball-park ranges that can get you started  This article may not answer all of your questions about speaker rates, but it should at least be a good starting place for a conversation  Call now to find out Brad’s fees to speak to and supercharge YOUR organization"
how much money do motivational speakers make,"Jared Fogle Family, Wiki, Financial Standing, House, Legal CasesHome Media Personalities Jared Fogle Family, Wiki, Financial Standing, House, Legal Cases Media Personalities Jared Fogle Family, Wiki, Financial Standing, House, Legal Cases Jared Fogle was born on the 1st of December 1977  He was born to Adrienne and Norman Fogle in Indianapolis, Indiana  The former Subway spokesperson was raised in a Jewish home, on Jewish principles  He graduated from North Central High School, in 1995, and later in 2000, Fogle graduated from Indiana University and then went on to work for American Trans Air in the revenue management department"
how much would it cost to install my own wind turbine,"Wind Turbine FAQ1Wind Turbine FAQThis FAQ is aimed at providing you some answers to the most common questions you may have on wind turbines  Q1: How much will it cost to buy a wind turbine? A1: It all depends on the size of your wind turbine  A 6k W wind turbine system installed would cost between £27k to £30k, a 10k W turbine system installed would cost about £45k to £55k, a 50k W wind turbine installed would be about £140k to £170k and a 1MW turbine would cost in the region of £1,000k  Please note that each project has its own ground works, shipment costs and sometimes feasibility study requirements"
how much would it cost to install my own wind turbine,"The Bottom Line: Will a Residential Wind Turbine Pay for Itself?The Bottom Line: Will a Residential Wind Turbine Pay for Itself? Some manufacturers will tell you that your residential wind turbine will pay for itself in six years  Frankly, that's probably not realistic  In real-world application, you will not completely recoup your investment for 15 to 20 years  That may not, however, be the best criterion by which you should base the decision to move forward"
how much would it cost to install my own wind turbine,"How Low Can Wind Energy Go? 2 5Â¢ Per Kilowatt-Hour Is Just The BeginningHow Low Can Wind Energy Go? 2 5¢ Per Kilowatt-Hour Is Just The Beginning Twitter Google+ Linked In Pinterest August 23rd, 2014 by Tina Casey The tubes have been buzzing over a new Department of Energy report on the US wind energy market, which came up with the low-low average cost for wind energy of $25 per megawatt-hour for a certain type of electricity purchase agreement (more on that later)  According to some of our friends on the Internets that works out to 2"
how often to button quail lay eggs,"How long does it take for quail eggs to hatch in an incubator ?Pets Birds How long does it take for quail eggs to hatch in an incubator ? Yesterday I put 21 quail eggs in a brinsea octagon 10 incubator and was wondering how long it takes for them to hatch ? Follow 2 answers Answers Best Answer: Without knowing which species you are incubating it is hard to tell, but visit this site and you will find all you need to know,""incubating quail eggs"" Chinese Painted take 18-21 days to hatch  Ex breeder Goldy · 5 years ago2 1 Comment It depends on the breed of quail  Bobwhite quail take 23 - 24 days to hatch, give or take a couple of days, Pharaoh quail eggs take 17 days, give or take  You should remember to turn them 3 times a day and stop turning them 3 days before they hatch and don't remove them from the incubator too early"
how often to button quail lay eggs,"How many fertile Eggs can a Hen lay after mating?Home Forums > Raising Back Yard Chickens > Incubating & Hatching Eggs >How many fertile Eggs can a Hen lay after mating? Discussion in ' Incubating & Hatching Eggs ' started by Aaronblackman, Aug 26, 2010   Most Liked Posts Aug 26, 2010 #1Aaronblackman Out Of The Brooder40022Aug 22, 2010I was searching on ebay for some hatching eggs and started to think ""well i dout that cock, mated with all these hens 12 times in one day"" so i thought, how many eggs can a hen lay which will be fertile, after she has mated with a cock, or is it, as long as the cock is in the with the hens and has mated with them is it a permemntant thing? I bet this will be a simple answer but its got me puzzled Aug 26, 2010 #2Cpap Seller Out Of The Brooder15022Apr 30, 2010Hot Springs It depends on how old the Cock is  When I was 18 I could err, well wrong board  Seriously, The hens store semen and the Hen can produce fertile eggs days after being in with a rooster"
how often to button quail lay eggs,"Incubating Coturnix Quail EggsHome Forums > Other Back Yard Poultry > Quail >Incubating Coturnix Quail Eggs Discussion in ' Quail ' started by chichick, Jun 29, 2011   Most Liked Posts Page 1 of 151 2 3 4 5 6 → 15 Next >Jun 29, 2011 #1chichick Chillin' With My Peeps2931111May 1, 2011I just ordered 4 dozen quail eggs and I need to know some info one them  I know that they only take 17 days to hatch, and to stop turning them at 14 days  What about the temp"
how old is vanessa redgrave,"Vanessa RedgraveTop 5000Vanessa Redgrave Actress | Soundtrack | Producer On January 30, 1937, renowned theatre actor Michael Redgrave was performing in a production of Hamlet in London  During the curtain call, the show's lead, Laurence Olivier, announced to the audience: ""tonight a great actress was born""  This was in reference to his co-star's newborn daughter, Vanessa Redgrave  Vanessa was born in Greenwich, London,"
how old is vanessa redgrave,"âVanessa Redgrave dead 2018â : Actress killed by internet death hoax“Vanessa Redgrave dead 2018” : Actress killed by internet death hoax By Jessica Simpson London Last updated on April 12, 2018Translations Français Español Deutsch Italiano Português 中文Tweeter Vanessa Redgrave is the latest celeb to fall victim to a death hoax Vanessa Redgrave »See more news, pictures and video  Hot news Love April 12, 2018Vanessa Redgrave: Secretly Married? Breaking news April 11, 2018Vanessa Redgrave to announce retirement at age 81Rumor Central April 2018Is Vanessa Redgrave secretly gay and hiding in the closet? News of actress Vanessa Redgrave ’s death spread quickly earlier this week causing concern among fans across the world  However the April 2018 report has now been confirmed as a complete hoax and just the latest in a string of fake celebrity death reports  Thankfully, the actress best known for her roles in The Butler, Anonymous, Coriolanus or Letters to Juliet is alive and well"
how old is vanessa redgrave,"Vanessa RedgraveTop 5000Vanessa Redgrave Actress | Soundtrack | Producer On January 30, 1937, renowned theatre actor Michael Redgrave was performing in a production of Hamlet in London  During the curtain call, the show's lead, Laurence Olivier, announced to the audience: ""tonight a great actress was born""  This was in reference to his co-star's newborn daughter, Vanessa Redgrave  Vanessa was born in Greenwich, London,"
what is a alm,"About St  Martin de Porres St Martin de Porres - Patron of Social Justice By Angela M  Orsini Martin de Porres was born in Lima Peru in 1579, the illegitimate son of John de Porres, a Spanish knight, and a negro free-woman named Anna"
what is a alm,"Feeding the BuddhaHumanities ›Religion & Spirituality Feeding the Buddha Food Offerings in Buddhism Share Flipboard Email Printby Barbara O'Brien Updated January 23, 2018Offering food is one of the oldest and most common rituals of Buddhism  Food is given to monks during alms rounds and also ritually offered to tantric deities and hungry ghosts  Offering food is a meritorious act that also reminds us not to be greedy or selfish  Offering Alms to Monks The first Buddhist monks did not build monasteries"
what is a alm,"KJV Dictionary Definition: charityKJV Dictionary C charity« charitable charm »KJV Dictionary Definition: charitycharity CHARITY, n 1  In a general sense, love, benevolence, good will; that disposition of heart which inclines men to think favorably of their fellow men to think favorably of their fellow men, and to do them good  In a theological sense, it includes supreme love to God, and universal good will to men"
what is a statutory deed,"Definition of Statutory Warranty DeedA warranty deed is a document that transfers the title to a property from the seller to the buyer  It protects the buyer from the chance that someone will come along and lay claim to the property by saying the seller had no right to sell it  A statutory warrant deed is an abbreviated version of a warranty deed written in accordance with state law  Deed A typical warranty deed names the seller of the property, called the grantor, and the buyer, called the grantee"
what is a statutory deed,"Statutory Warranty Deed Law and Legal DefinitionStatutory Warranty Deed Law and Legal Definition A statutory warranty deed is a form of real property conveyance in some states  It is typically an abbreviated form of a warranty deed, authorized by a statute that allows a deed in the statutory form to include the standard title covenants found in a warranty deed by implication, without the necessity of stating them  For example, in Washington when a grantor (seller) delivers a statutory warranty deed, the grantor warrants "" (1) That at the time of the making and delivery of such deed he was lawfully seized of an indefeasible estate in fee simple, in and to the premises therein described, and had good right and full power to convey the same; (2) that the same were then free from all encumbrances; and (3) that he warrants to the grantee, his heirs and assigns, the quiet and peaceable possession of such premises, and will defend the title thereto against all persons who may lawfully claim the same, and such covenants shall be obligatory upon any grantor, his heirs and personal representatives, as fully and with like effect as if written at full length in such deed "" RCW 64"
what is a statutory deed,"Statutory Warranty Deed Law and Legal DefinitionStatutory Warranty Deed Law and Legal Definition A statutory warranty deed is a form of real property conveyance in some states  It is typically an abbreviated form of a warranty deed, authorized by a statute that allows a deed in the statutory form to include the standard title covenants found in a warranty deed by implication, without the necessity of stating them  For example, in Washington when a grantor (seller) delivers a statutory warranty deed, the grantor warrants "" (1) That at the time of the making and delivery of such deed he was lawfully seized of an indefeasible estate in fee simple, in and to the premises therein described, and had good right and full power to convey the same; (2) that the same were then free from all encumbrances; and (3) that he warrants to the grantee, his heirs and assigns, the quiet and peaceable possession of such premises, and will defend the title thereto against all persons who may lawfully claim the same, and such covenants shall be obligatory upon any grantor, his heirs and personal representatives, as fully and with like effect as if written at full length in such deed "" RCW 64"
what is chronometer who invented it,"Greenwich Mean Time (GMT)Important note: Most cities located in Greenwich Mean Time (GMT) zone currently observe Daylight Saving Time (DST)  Therefore, most cities there are using British Summer Time (BST), Irish Standard Time (IST)  Example of location: London Use the search bar above to look up by city and not by time zone  Time Zone: Greenwich Mean Time, GMTUTC offset: Greenwich Mean Time (GMT) is in the same time zone as Coordinated Universal Time (UTC)"
what is chronometer who invented it,"LongitudeFrom Wikipedia, the free encyclopedia (Redirected from Longtitude)navigation search A graticule on the Earth as a sphere or an ellipsoid  The lines from pole to pole are lines of constant longitude, or meridians  The circles parallel to the equator are lines of constant latitude, or parallels  The graticule shows the latitude and longitude of points on the surface"
what is chronometer who invented it,"Length Length is the most necessary measurement in everyday life, and units of length in many countries still reflect humanity's first elementary methods  The inch is a thumb  The foot speaks for itself"
what is mamey,"Pouteria sapotaPantin Mamey Sapote Pouteria sapota A unique, tropical tree fruit with an interior texture that is both creamy and sweet, the vibrant salmon-colored flesh of the ‘Pantin’ mamey sapote is unlike anything most people have ever tasted  The flavor is a combination of sweet potato and pumpkin with undertones of almond, chocolate, honey, and vanilla  The ovoid, medium-large fruit has a large center pit, similar to an avocado  It ripens quickly, making long-term storage difficult, but once peeled and mashed, the flesh freezes well"
what is mamey,"Casimiroa-Growing White SapoteWhite sapote is a pretty little tree with edible fruit  Photo © Starr Environmental/Flickr The white sapote belongs to the genus Casimoroa and is one of the several plants from different families to bear the common name ""sapote "" Others include the mamey sapote (from the Pouteria) genus and the black sapote (from the Diospyros genus)  What unites these plants, which can even be from different families, is the edible fruit, which is popular in tropical areas"
what is mamey,"Casimiroa-Growing White SapoteWhite sapote is a pretty little tree with edible fruit  Photo © Starr Environmental/Flickr The white sapote belongs to the genus Casimoroa and is one of the several plants from different families to bear the common name ""sapote "" Others include the mamey sapote (from the Pouteria) genus and the black sapote (from the Diospyros genus)  What unites these plants, which can even be from different families, is the edible fruit, which is popular in tropical areas"
what metal are hip replacements made of,Titanium Element FactsTitanium Element Facts Data Zone | Discovery | Facts | Appearance & Characteristics | Uses | Abundance & Isotopes | References22Ti47 87The chemical element titanium is classed as a transition metal  It was discovered in 1791 by Reverend William Gregor  Data Zone Classification: Titanium is a transition metal Color: silvery-white Atomic weight: 47
what metal are hip replacements made of,"TestimonialsTestimonials"" First, I want to thank you for the time you invest researching metal allergies  In April, 2013 at age 55 I had double knee replacements  Within weeks after surgery, I started experiencing systemic pain and weakness  I could not lift a half gallon of milk"
what metal are hip replacements made of,"COBALT â THE VITAMIN B12 ELEMENT, A MALE AND SOMEWHAT TOXIC ELEMENTCOBALT – THE VITAMIN B12 ELEMENT, A MALE AND SOMEWHAT TOXIC ELEMENTby Dr  Lawrence Wilson© November 2013, L  D  Wilson Consultants, Inc"
"what type of conflict does della face in o, henry the gift of the magi",THE GIFT OF THE MAGIInformation about Project Gutenberg THE GIFT OF THE MAGIby O  Henry One dollar and eighty-seven cents  That was all  And sixty cents of it was in pennies
"what type of conflict does della face in o, henry the gift of the magi",THE GIFT OF THE MAGIInformation about Project Gutenberg THE GIFT OF THE MAGIby O  Henry One dollar and eighty-seven cents  That was all  And sixty cents of it was in pennies
"what type of conflict does della face in o, henry the gift of the magi","The Gift of the Magi Review37 terms mcounts The Gift of the Magi Review Learn Flashcards Write Spell Test Match Gravity Advertisement Upgrade to remove ads Like this study set? Create a free account to save it  Create a free account Maybe later Sort Della's conflict she only had $1 87 to buy her husband a Christmas gift What is O  Henry's tone or attitude toward his subject matter Jim and Della? Tender, but also playful, understanding, amused, sympathetic What line in the story is effective for establishing a mood of hopelessness and gloom? ""She stood by the window and looked out dully at a gray cat walking a gray fence in a gray backyard How does O"
when did family feud come out?,"Richard Dawson Wife: Gretchen Johnson (Picture)Richard Dawson, the longtime host of Family Feud, passed away at the age of 79, reports his son (via TMZ )  The host and Hogan's Heroes actor had been battling esophageal cancer  Gretchen Johnson and Richard Dawson on Family Feud  (via angelfire"
when did family feud come out?,"Richard DawsonRichard Dawson with his son Gary Richard Dawson (born November 20, 1932, died June 2, 2012) was a United Kingdom -born actor and game show host  He was best known as the original host of the game show, Family Feud   Contents [ show]Biography Edit He was born in Gosport, England as Colin Emm  At 14, he ran away from home, joining the Merchant Marine, where he took up a short career as a boxer"
when did family feud come out?,"BiographyEdit Richard Dawson Biography Showing all 129 items Jump to: Overview (5) | Mini Bio (1) | Spouse (2) | Trade Mark (4) | Trivia (106) | Personal Quotes (11)Overview (5)Born November 20, 1932 in Gosport, Hampshire, England, UKDied June 2, 2012 in Los Angeles, California, USA (complications related to esophageal cancer)Birth Name Colin Lionel Emm Nicknames Dickie The Kissing Bandit Kissyface Height 5' 9"" (1 75 m)Mini Bio (1)Richard Dawson was born Colin Lionel Emm on November 20, 1932 in Gosport, Hampshire, England  When he was 14, he joined the Merchant Marines and served for three years  During that time, he made money boxing"
when did rock n roll begin?,"The Story of Sun RecordsArts, Music, and Recreation ›Music The Story of Sun Records Share Flipboard Email Printby Robert Fontenot Updated March 18, 2017Founded: March 27, 1952 (Memphis, TN) by Sam Phillips (born Samuel Cornelius Phillips, January 5, 1923, Florence, AL; died July 30, 2003, Memphis, TN)Genres: Rockabilly, Blues, Rock and Roll, Country and Western, R&BFamous Artists: Elvis Presley, Jerry Lee Lewis, Johnny Cash, Carl Perkins, Roy Orbison, Rufus Thomas, Charlie Rich, Bill Justis, Little Milton, Charlie Feathers, The Prisonaires, Little Junior, James Cotton, Rosco Gordon, Billy ""The Kid"" Emerson, Billy Riley, Sonny Burgess, Warren Smith Contributions to music: Owner and producer Sam Phillips recorded Jackie Brenston's ""Rocket 88"" and Elvis Presley's ""That's All Right, Mama,"" two records often cited as the first rock and roll records The label that helped birth rockabilly, almost by itself Discovered at least a half-dozen of rock's first big stars and important artists One of the first non-segregated recording studios Phillips was a visionary leader who often brought the best out in his artists A pioneering label in the Memphis blues scene Early years: When would-be lawyer Phillips dropped out of law school to support his family, he began taking jobs in radio, having developed a love of music from hearing workers on his family's plantation as a child  After a stint at Muscle Shoals, Alabama's WLAY, he eventually gravitated to Memphis and WREC  There, between DJing and hosting dances on the side, Phillips saved enough to open a ""recording service,"" specifically, Memphis Recording Service, whose motto was ""We Record Anything - Anywhere - Anytime"" and who would indeed put anyone on record for four dollars (which would get you two songs on one double-sided acetate)  Success: Originally, Phillips recorded blues artists for Modern Records, and also for Chess in Chicago"
when did rock n roll begin?,"Jeff Beck Born: June 24, 1944, Surrey, England Jeff Beck is a musician's musician — he never reached the mainstream superstardom of many of his contemporaries, probably partly due to his sporadic presence on the music scene and the fact that he is not a vocalist  Regardless, Beck is an innovative master of electric guitar and as such he has been idolized by other guitarists for decades  Among other virtuoso qualities of his playing, he is known for the stunning power, authority and control of his fretwork as well as for his somewhat erratic versatility"
when did rock n roll begin?,"Shake, Rattle and Roll  (album)Shake, Rattle and Roll Compilation album by Bill Haley & His Comets Released 1955Recorded Pythian Temple, New York City, 1954-55Genre Rock and roll Label Decca Records Producer Milt Gabler Bill Haley & His Comets chronology Rock with Bill Haley and the Comets (1954) Shake, Rattle and Roll (1955) Rock Around the Clock (1955)Shake, Rattle and Roll is the title of an early rock and roll compilation album issued by Decca Records (DL 5560) in 1955, and featuring music by Bill Haley & His Comets  The album, which was issued in a 10-inch format, consisted of recordings previously issued on singles in 1954 and 1955, including the title track, and "" Rock Around the Clock "", although at the time of this album's release in early 1955, ""Rock Around the Clock"" had not yet become a major hit  This was Haley's second album, and was one of the first album-length releases of the rock and roll era, predating the release of Elvis Presley 's first album by a year  All the tracks on the album were produced by noted Decca producer Milt Gabler"
where is the show shameless filmed,"âShamelessâ Producers Still Deciding if Justin Chatwin Will Return as Series Regular“Shameless” fans were stunned by the return of Justin Chatwin in Sunday’s Season 4 finale, but its not clear if his recent cameo means that he will return to the Showtime series full-time  Producers on the program will determine what his role in the fifth season will be when they go back into production and begin writing scripts  At that point, Chatwin may once again be granted the series regular status that he lost during the most recent season  Also read : Showtime’s ‘Shameless,’ ‘House of Lies’ Finales Perform Strong on Competitive Night Chatwin, who played protagonist Fiona Gallagher’s boyfriend, Jimmy, for the Showtime series’ first three seasons, was missing in action for Season 4"
where is the show shameless filmed,"'Shameless' Ends Season 6 at a Crossroads â and With a CliffhangerApril 03, 20167:00pm PT by Lesley Goldberg'Shameless' Ends Season 6 at a Crossroads — and With a Cliffhanger Warren Feldman/Showtime Emmy Rossum in 'Shameless'Executive producer Nancy Pimental talks with THR about the surprising events for the Gallagher family and what to expect from season seven  [Warning: This story contains spoilers from the season six finale of Showtime's Shameless   ]Showtime's Shameless wrapped its sixth season Sunday with a cliffhanger as Fiona's (Emmy Rossum) wedding day went anything but according to plan and she and other members of the Gallagher family faced uncertain futures  While Frank's (William H"
where is the show shameless filmed,"Ian Clayton Gallagher (US)Ian Clayton Gallagher Portrayed by Cameron Monaghan Aliases Ginger, Carrot Top, Brave, Orange Boy, Howdy Doody, Dav, Firecrotch, Red, Gay Jesus Children None Grandchildren None Relatives Frank Gallagher (surrogate father),Fiona Gallagher (US) (elder sister)Monica Gallagher (mother)Clayton Gallagher (assumed biological father)Phillip ""Lip"" Gallagher (half-brother)Deborah ""Debbie"" Gallagher (half-sister)Carl Gallagher (half-brother)Liam Gallagher (half-brother)Frances Harriet Gallagher (niece)Series/ Season1-Present UK or USUSUK/US Counterpart Ian Gallagher Biographical Information Age21Marital Status In a relationship with Trevor (on-hold at the moment)Partner Trevor (now)Mickey Milkovich (ex)Kash (US) (ex)Ned Lishman (ex)Caleb (ex)Status Alive Date of Birth1996Place of Birth Metz Date of Death Alive Place of Death Alive Physical Description Gender Male Height178 cms Hair colour Ginger Eye color Green Ian Clayton Gallagher was born in 1996 in Metz, and is often the most strong-hearted, persistent, and goofy -yet currently reckless- third oldest child in the Gallagher family  He is presumably the product of a PCP-fueled affair between his mother Monica Gallagher and Frank Gallagher's brother, Clayton Gallagher, in the summer of 1995  Ian has been diagnosed with Bipolar Disorder; he currently refuses to visit the doctor and does not believe he needs to take medication  For these reasons his behaviour has been erratic and out of control, worrying his family"
who is aziz hashim,"Find your connection on LinkedInFind your connection on Linked In Join the world's largest professional network Join now Sign in Aziz Hashim Managing Partner at NRD Capital Greater Atlanta Area Investment Management Current Managing Partner at NRD Capital, President / CEO at National Restaurant Development, Inc  Education UC Irvine View Full Profile Abd Aziz Hashim PDRM at PDRM LIMITEDKelantan, Malaysia Government Relations Current PDRM at PDRM LIMITEDEducation sek  men  laksamana View Full Profile Maj (R)Syed Abd Aziz Syed Hashim KAT ASK lmt MSc OSHMEHS Professional Selangor, Malaysia Security and Investigations Current Profesional HSE Trainer at Self-employed Past Environment Health Safety Manager at Westports Malaysia, Head of EHS at Westports Malaysia, Military Officer - Major (Retired) at Malaysian"
who is aziz hashim,"NRD Capital Establishes the ""NRD Foundation,"" Supports Franchised Water SolutionHow Aziz Hashim Is Changing The Franchising Landscape NRD Capital Establishes the ""NRD Foundation,"" Supports Franchised Water Solution Ruby Tuesday Announces Aziz Hashim as Interim CEONRD Capital Completes Acquisition of Ruby Tuesday Ruby Tuesday To Be Acquired By NRD Capital For $2 40 Per Share John Teza Joins NRD Capital as Director Susan Beth Named as a Winner of the 8th Annual Emerging Leaders Awards NRD Capital Management, LLC Announces Closing of Fund IINRD Completes Growth Equity Investment In Fuzzy's Taco Shop How Frisch's and 11 More FT Dealmakers landed suitors NRD Capital Acquires Shares of Frisch's Restaurants, Inc  How Aziz Hashim Is Changing The Franchising Landscape NRD Capital Establishes the ""NRD Foundation,"" Supports Franchised Water Solution"
who is aziz hashim,"Aziz HashimMarch 28, 2018 4:04 PM ETHotels, Restaurants and Leisure Company Overview of National Restaurant Development Holdings, LLCSnapshot People Overview Board Members Committees Executive Profile Aziz Hashim Chief Executive Officer and President, National Restaurant Development Holdings, LLCAge Total Calculated Compensation This person is connected to 3 Board Members in 3 organization across 4 different industries  See Board Relationships49 --Background Mr  Aziz Hashim has been the President and Secretary of Frisch's Restaurants, Inc  since August 24, 2015"
who is rep scalise?,"LeadershipThe majority party members and the minority party members meet separately to select their leaders  Third parties rarely have had enough members to elect their own leadership, and independents will generally join one of the larger party organizations to receive committee assignments  A party caucus or conference is the name given to a meeting of or organization of all party members in the House  During these meetings, party members discuss matters of concern"
who is rep scalise?,"United States House of RepresentativesFrom Wikipedia, the free encyclopedia (Redirected from U  S  House of Representatives)navigation search For the current United States Congress, see 115th United States Congress  For state-level Houses of Representatives in the United States, see List of United States state legislatures"
who is rep scalise?,"What is the role of a Whip in the United States Congress?Whip (politics) U  S  Congress Politics of the United States of America What is the role of a Whip in the United States Congress?2 Answers Brady Postma, No expertise, just good arguments  Answered Nov 27, 2013 · Author has 2"
who killed nicholas ii of russia,"Case Closed on Murders of Last Russian Czarâs FamilyLive Science History Case Closed on Murders of Last Russian Czar’s Family By Jeremy Hsu | March 2, 2009 04:34am ETMORECzar Nicholas II sits in this 1910 photo with Empress Alexandra and five children  Daughters in the photo are Olga, Tatiana, Maria, Anastasia, along with son and Crown Prince Alexei  Credit: Wikimedia Commons/German National Archive Confusion reigned for 90 years about a possible surviving daughter of Czar Nicholas II, the last Imperial ruler of Russia  Now a public report reveals how modern investigators established that neither Anastasia nor the czar's other children found a fairy tale ending"
who killed nicholas ii of russia,"Tsar-Martyr Nicholas II (Valaam Monastery)This web site is in Memory of Boris Alexeev, who died in a Soviet concentration camp in Russia  Memory Eternal! ""But the king shall be glad in God, everyone shall be praised that sweareth by Him; for the mouth of them is stopped that speak unjust things"" ( Psalm 62:10 )The Missing Two Child-Martyrs Of Russia Written by Father Nektarios Serfes N ow that the Royal Funeral of Tsar Nicholas and his family is over (or is it?) as of 17 July 1998, each and everyone one of us should ask the same question and make the same earnest appeal to all: Where are the two missing ""Child-Martyrs"" of the Royal Martyr Tsar Nicholas II and the Royal Martyr Tsarina Alexandra? The answer to this earnest question should now be our uppermost concern at this time  We know with certainty the identity of those who were buried on 17 July 1998, at Ss"
who killed nicholas ii of russia,"DNA buries Romanov myth: Anastasia and brother died with familyDNA buries Romanov myth: Anastasia and brother died with family2 children, long thought to have escaped, were slain along with kin in 1918, researchers say March 11, 2009 | By Thomas H  Maugh II, TRIBUNE NEWSPAPERS: Los Angeles Times The most enduring and romantic legend of the Russian Revolution -- that two children of Czar Nicholas II and his wife, Alexandra, survived the slaughter that killed the rest of their family -- may finally be put to rest with the positive identification of bone fragments from a lonely Russian grave  The czar and his family were gunned down and stabbed by members of the Red Guard early on the morning of July 17, 1918, but persistent rumors have maintained that two of the children, the Grand Duchess Anastasia and her brother Alexei, survived, perhaps because the diamonds sewn into their clothes blocked attempts to kill them  Those hopes were bolstered with the 1991 disclosure that nine bodies of Romanov family members and servants had been found in a Yekaterinburg grave but that a son and daughter still were missing"
